﻿{
    "tracker_broadcast": {
        "type": "array",
        "dropshadow": true,
        "margin": "10",
        "content": [
            {
                "type": "array",
                "orientation": "vertical",
                "content": [
                    {
                        "type": "layout",
                        "key": "Skills"
                    },
                    {
                        "type": "layout",
                        "key": "WispsSmall"
                    },
                    {
                        "type": "layout",
                        "key": "Diverse"
                    }
                ]
            }
        ]
    }
}