﻿{

    "Skills": {
        "type": "itemgrid",
        "item_margin": "4,5",
        "item_size": 50,
        "rows": [
            [ "djump", "regen", "bow", "dash" ],
            [ "bash", "lightburst", "sentry", "blaze" ],
            [ "burrow", "leash", "glide", "flap" ],
            [ "flash", "waterbreath", "swimdash", "hammer" ],
            [ "chakram", "spear", "launch", "weaponupgrade" ]
        ]
    },
    
    "Quests": {
        "type": "itemgrid",
        "item_margin": "4,5",
        "item_size": 50,
        "rows": [
            [ "missingkey", "treekeeper", "silentmap", "lostcompass", "rebuildingtheglade" ],
            [ "regrowingtheglade", "intotheburrows", "familyreunion", "handtohand", "adiamondintherough" ],
            [ "bravemokki", "intothedarkness", "kwolokswisdom", "silentteeth", "beneathshiftingsands" ],
            [ "fallenfriend", "guardiansofthemarsh", "lostinparadise", "breakingthemould", "highestreach" ],
            [ "willofthewisps" ]
        ]
    },
    "Shards": {
        "type": "itemgrid",
        "item_margin": "4,5",
        "item_size": 50,
        "rows": [
            [ "shardresilience", "shardmagnet", "shardsticky", "shardreckless", "shardquickshat" ],
            [ "shardlifeharvest", "shardsplinter", "shardspiritsurge", "shardultrabash", "shardthorn" ],
            [ "shardenergyharvest", "shardcatalyst", "shardlaststand", "shardturmoil", "shardlifepact" ],
            [ "shardbounty", "shardarcing", "shardenergy", "shardvitality", "shardwingclip" ],
            [ "shardfinesse", "shardovercharge", "shardultragrapple", "shardoverflow", "shardlifeforce" ],
            [ "shardsecret", "sharddeflector", "shardlightharvest", "shardtriplejump", "shardswap", "shardfracture" ]
        ]
    },
    "Wisps": {
        "type": "itemgrid",
        "item_margin": "4,5",
        "item_size": 50,
        "h_alignment": "left",
        "rows": [
            [ "", "memorywisp", "" ],
            [ "strengthwisp", "heartwisp", "voicewisp" ],
            [ "", "eyeswisp", "" ]
        ]
    },
    "Diverse": {
        "type": "itemgrid",
        "item_margin": "4,5",
        "item_size": 50,
        "rows": [
            [ "statecw", "stateto"]
        ]
    },
    "WispsSmall": {
        "type": "itemgrid",
        "item_margin": "4,5",
        "item_size": 50,
        "rows": [
            [ "voicewisp", "strengthwisp", "eyeswisp", "memorywisp", "heartwisp" ]
        ]
    }
}
