{
    "tracker_default": {
        "type": "array",
        "background": "#1C1C1C",
        "content": [
            {
                "type": "array",
                "orientation": "vertical",
                "dropshadow": true,
                "content": [
                    {
                        "type": "layout",
                        "key": "Skills"
                    },
                    {
                        "type": "layout",
                        "key": "WispsSmall"
                    },
                    {
                        "type": "layout",
                        "key": "Diverse"
                    }
                ]
            }
        ]
    }
}